;File;No. Samples;Sample Rate
0;03-01-01-01-01-01-01.wav;72838;22050.0
1;03-01-01-01-01-02-01.wav;73574;22050.0
2;03-01-01-01-02-01-01.wav;72102;22050.0
3;03-01-01-01-02-02-01.wav;69895;22050.0
4;03-01-02-01-01-01-01.wav;77988;22050.0
5;03-01-02-01-01-02-01.wav;79460;22050.0
6;03-01-02-01-02-01-01.wav;77253;22050.0
7;03-01-02-01-02-02-01.wav;76517;22050.0
8;03-01-02-02-01-01-01.wav;81667;22050.0
9;03-01-02-02-01-02-01.wav;88289;22050.0
10;03-01-02-02-02-01-01.wav;92703;22050.0
11;03-01-02-02-02-02-01.wav;88289;22050.0
12;03-01-03-01-01-01-01.wav;76517;22050.0
13;03-01-03-01-01-02-01.wav;76517;22050.0
14;03-01-03-01-02-01-01.wav;77988;22050.0
15;03-01-03-01-02-02-01.wav;81667;22050.0
16;03-01-03-02-01-01-01.wav;80931;22050.0
17;03-01-03-02-01-02-01.wav;80195;22050.0
18;03-01-03-02-02-01-01.wav;86817;22050.0
19;03-01-03-02-02-02-01.wav;86817;22050.0
20;03-01-04-01-01-01-01.wav;84610;22050.0
21;03-01-04-01-01-02-01.wav;78724;22050.0
22;03-01-04-01-02-01-01.wav;77253;22050.0
23;03-01-04-01-02-02-01.wav;74310;22050.0
24;03-01-04-02-01-01-01.wav;83874;22050.0
25;03-01-04-02-01-02-01.wav;81667;22050.0
26;03-01-04-02-02-01-01.wav;82403;22050.0
27;03-01-04-02-02-02-01.wav;82403;22050.0
28;03-01-05-01-01-01-01.wav;85346;22050.0
29;03-01-05-01-01-02-01.wav;86817;22050.0
30;03-01-05-01-02-01-01.wav;77253;22050.0
31;03-01-05-01-02-02-01.wav;82403;22050.0
32;03-01-05-02-01-01-01.wav;90496;22050.0
33;03-01-05-02-01-02-01.wav;96382;22050.0
34;03-01-05-02-02-01-01.wav;91231;22050.0
35;03-01-05-02-02-02-01.wav;97853;22050.0
36;03-01-06-01-01-01-01.wav;80931;22050.0
37;03-01-06-01-01-02-01.wav;80196;22050.0
38;03-01-06-01-02-01-01.wav;75781;22050.0
39;03-01-06-01-02-02-01.wav;81667;22050.0
40;03-01-06-02-01-01-01.wav;110361;22050.0
41;03-01-06-02-01-02-01.wav;93439;22050.0
42;03-01-06-02-02-01-01.wav;87553;22050.0
43;03-01-06-02-02-02-01.wav;86082;22050.0
44;03-01-07-01-01-01-01.wav;85345;22050.0
45;03-01-07-01-01-02-01.wav;86081;22050.0
46;03-01-07-01-02-01-01.wav;86081;22050.0
47;03-01-07-01-02-02-01.wav;84610;22050.0
48;03-01-07-02-01-01-01.wav;94910;22050.0
49;03-01-07-02-01-02-01.wav;90496;22050.0
50;03-01-07-02-02-01-01.wav;89025;22050.0
51;03-01-07-02-02-02-01.wav;96382;22050.0
52;03-01-08-01-01-01-01.wav;75045;22050.0
53;03-01-08-01-01-02-01.wav;72102;22050.0
54;03-01-08-01-02-01-01.wav;77989;22050.0
55;03-01-08-01-02-02-01.wav;72102;22050.0
56;03-01-08-02-01-01-01.wav;75781;22050.0
57;03-01-08-02-01-02-01.wav;78724;22050.0
58;03-01-08-02-02-01-01.wav;77253;22050.0
59;03-01-08-02-02-02-01.wav;72103;22050.0
60;03-01-01-01-01-01-02.wav;80195;22050.0
61;03-01-01-01-01-02-02.wav;79460;22050.0
62;03-01-01-01-02-01-02.wav;83138;22050.0
63;03-01-01-01-02-02-02.wav;79460;22050.0
64;03-01-02-01-01-01-02.wav;84610;22050.0
65;03-01-02-01-01-02-02.wav;88289;22050.0
66;03-01-02-01-02-01-02.wav;84610;22050.0
67;03-01-02-01-02-02-02.wav;87553;22050.0
68;03-01-02-02-01-01-02.wav;91232;22050.0
69;03-01-02-02-01-02-02.wav;89025;22050.0
70;03-01-02-02-02-01-02.wav;90496;22050.0
71;03-01-02-02-02-02-02.wav;90496;22050.0
72;03-01-03-01-01-01-02.wav;79460;22050.0
73;03-01-03-01-01-02-02.wav;81667;22050.0
74;03-01-03-01-02-01-02.wav;83139;22050.0
75;03-01-03-01-02-02-02.wav;82403;22050.0
76;03-01-03-02-01-01-02.wav;81667;22050.0
77;03-01-03-02-01-02-02.wav;80931;22050.0
78;03-01-03-02-02-01-02.wav;81667;22050.0
79;03-01-03-02-02-02-02.wav;85345;22050.0
80;03-01-04-01-01-01-02.wav;84610;22050.0
81;03-01-04-01-01-02-02.wav;83139;22050.0
82;03-01-04-01-02-01-02.wav;82403;22050.0
83;03-01-04-01-02-02-02.wav;83139;22050.0
84;03-01-04-02-01-01-02.wav;82403;22050.0
85;03-01-04-02-01-02-02.wav;83138;22050.0
86;03-01-04-02-02-01-02.wav;81667;22050.0
87;03-01-04-02-02-02-02.wav;80931;22050.0
88;03-01-05-01-01-01-02.wav;80931;22050.0
89;03-01-05-01-01-02-02.wav;80931;22050.0
90;03-01-05-01-02-01-02.wav;83138;22050.0
91;03-01-05-01-02-02-02.wav;83874;22050.0
92;03-01-05-02-01-01-02.wav;86082;22050.0
93;03-01-05-02-01-02-02.wav;88289;22050.0
94;03-01-05-02-02-01-02.wav;88289;22050.0
95;03-01-05-02-02-02-02.wav;88289;22050.0
96;03-01-06-01-01-01-02.wav;80196;22050.0
97;03-01-06-01-01-02-02.wav;82403;22050.0
98;03-01-06-01-02-01-02.wav;80931;22050.0
99;03-01-06-01-02-02-02.wav;82403;22050.0
100;03-01-06-02-01-01-02.wav;83874;22050.0
101;03-01-06-02-01-02-02.wav;80196;22050.0
102;03-01-06-02-02-01-02.wav;79460;22050.0
103;03-01-06-02-02-02-02.wav;79460;22050.0
104;03-01-07-01-01-01-02.wav;80931;22050.0
105;03-01-07-01-01-02-02.wav;80196;22050.0
106;03-01-07-01-02-01-02.wav;85346;22050.0
107;03-01-07-01-02-02-02.wav;84610;22050.0
108;03-01-07-02-01-01-02.wav;91231;22050.0
109;03-01-07-02-01-02-02.wav;91231;22050.0
110;03-01-07-02-02-01-02.wav;88289;22050.0
111;03-01-07-02-02-02-02.wav;89025;22050.0
112;03-01-08-01-01-01-02.wav;77988;22050.0
113;03-01-08-01-01-02-02.wav;77988;22050.0
114;03-01-08-01-02-01-02.wav;79460;22050.0
115;03-01-08-01-02-02-02.wav;77989;22050.0
116;03-01-08-02-01-01-02.wav;82403;22050.0
117;03-01-08-02-01-02-02.wav;83139;22050.0
118;03-01-08-02-02-01-02.wav;82403;22050.0
119;03-01-08-02-02-02-02.wav;83875;22050.0
120;03-01-01-01-01-01-03.wav;75781;22050.0
121;03-01-01-01-01-02-03.wav;77253;22050.0
122;03-01-01-01-02-01-03.wav;77253;22050.0
123;03-01-01-01-02-02-03.wav;76517;22050.0
124;03-01-02-01-01-01-03.wav;84610;22050.0
125;03-01-02-01-01-02-03.wav;82403;22050.0
126;03-01-02-01-02-01-03.wav;84610;22050.0
127;03-01-02-01-02-02-03.wav;87553;22050.0
128;03-01-02-02-01-01-03.wav;89025;22050.0
129;03-01-02-02-01-02-03.wav;87553;22050.0
130;03-01-02-02-02-01-03.wav;91231;22050.0
131;03-01-02-02-02-02-03.wav;88289;22050.0
132;03-01-03-01-01-01-03.wav;83138;22050.0
133;03-01-03-01-01-02-03.wav;79460;22050.0
134;03-01-03-01-02-01-03.wav;77253;22050.0
135;03-01-03-01-02-02-03.wav;77253;22050.0
136;03-01-03-02-01-01-03.wav;94911;22050.0
137;03-01-03-02-01-02-03.wav;97117;22050.0
138;03-01-03-02-02-01-03.wav;91231;22050.0
139;03-01-03-02-02-02-03.wav;84610;22050.0
140;03-01-04-01-01-01-03.wav;79460;22050.0
141;03-01-04-01-01-02-03.wav;78724;22050.0
142;03-01-04-01-02-01-03.wav;78724;22050.0
143;03-01-04-01-02-02-03.wav;77989;22050.0
144;03-01-04-02-01-01-03.wav;83139;22050.0
145;03-01-04-02-01-02-03.wav;84610;22050.0
146;03-01-04-02-02-01-03.wav;76517;22050.0
147;03-01-04-02-02-02-03.wav;81667;22050.0
148;03-01-05-01-01-01-03.wav;88289;22050.0
149;03-01-05-01-01-02-03.wav;89760;22050.0
150;03-01-05-01-02-01-03.wav;83875;22050.0
151;03-01-05-01-02-02-03.wav;84610;22050.0
152;03-01-05-02-01-01-03.wav;97117;22050.0
153;03-01-05-02-01-02-03.wav;97118;22050.0
154;03-01-05-02-02-01-03.wav;93439;22050.0
155;03-01-05-02-02-02-03.wav;99325;22050.0
156;03-01-06-01-01-01-03.wav;82403;22050.0
157;03-01-06-01-01-02-03.wav;84610;22050.0
158;03-01-06-01-02-01-03.wav;77253;22050.0
159;03-01-06-01-02-02-03.wav;70631;22050.0
160;03-01-06-02-01-01-03.wav;72839;22050.0
161;03-01-06-02-01-02-03.wav;86081;22050.0
162;03-01-06-02-02-01-03.wav;72839;22050.0
163;03-01-06-02-02-02-03.wav;75781;22050.0
164;03-01-07-01-01-01-03.wav;89025;22050.0
165;03-01-07-01-01-02-03.wav;87553;22050.0
166;03-01-07-01-02-01-03.wav;79460;22050.0
167;03-01-07-01-02-02-03.wav;83139;22050.0
168;03-01-07-02-01-01-03.wav;90496;22050.0
169;03-01-07-02-01-02-03.wav;90496;22050.0
170;03-01-07-02-02-01-03.wav;84610;22050.0
171;03-01-07-02-02-02-03.wav;86817;22050.0
172;03-01-08-01-01-01-03.wav;71367;22050.0
173;03-01-08-01-01-02-03.wav;74310;22050.0
174;03-01-08-01-02-01-03.wav;70631;22050.0
175;03-01-08-01-02-02-03.wav;78724;22050.0
176;03-01-08-02-01-01-03.wav;72103;22050.0
177;03-01-08-02-01-02-03.wav;79460;22050.0
178;03-01-08-02-02-01-03.wav;77253;22050.0
179;03-01-08-02-02-02-03.wav;71367;22050.0
180;03-01-01-01-01-01-04.wav;72838;22050.0
181;03-01-01-01-01-02-04.wav;74310;22050.0
182;03-01-01-01-02-01-04.wav;72103;22050.0
183;03-01-01-01-02-02-04.wav;71367;22050.0
184;03-01-02-01-01-01-04.wav;83874;22050.0
185;03-01-02-01-01-02-04.wav;82403;22050.0
186;03-01-02-01-02-01-04.wav;80196;22050.0
187;03-01-02-01-02-02-04.wav;78725;22050.0
188;03-01-02-02-01-01-04.wav;87553;22050.0
189;03-01-02-02-01-02-04.wav;83875;22050.0
190;03-01-02-02-02-01-04.wav;83874;22050.0
191;03-01-02-02-02-02-04.wav;89025;22050.0
192;03-01-03-01-01-01-04.wav;77253;22050.0
193;03-01-03-01-01-02-04.wav;77988;22050.0
194;03-01-03-01-02-01-04.wav;77253;22050.0
195;03-01-03-01-02-02-04.wav;75781;22050.0
196;03-01-03-02-01-01-04.wav;85346;22050.0
197;03-01-03-02-01-02-04.wav;78724;22050.0
198;03-01-03-02-02-01-04.wav;79460;22050.0
199;03-01-03-02-02-02-04.wav;83138;22050.0
200;03-01-04-01-01-01-04.wav;74310;22050.0
201;03-01-04-01-01-02-04.wav;75045;22050.0
202;03-01-04-01-02-01-04.wav;75781;22050.0
203;03-01-04-01-02-02-04.wav;76517;22050.0
204;03-01-04-02-01-01-04.wav;80931;22050.0
205;03-01-04-02-01-02-04.wav;83139;22050.0
206;03-01-04-02-02-01-04.wav;83139;22050.0
207;03-01-04-02-02-02-04.wav;83139;22050.0
208;03-01-05-01-01-01-04.wav;81667;22050.0
209;03-01-05-01-01-02-04.wav;79460;22050.0
210;03-01-05-01-02-01-04.wav;76517;22050.0
211;03-01-05-01-02-02-04.wav;82403;22050.0
212;03-01-05-02-01-01-04.wav;83139;22050.0
213;03-01-05-02-01-02-04.wav;85345;22050.0
214;03-01-05-02-02-01-04.wav;81667;22050.0
215;03-01-05-02-02-02-04.wav;84610;22050.0
216;03-01-06-01-01-01-04.wav;72838;22050.0
217;03-01-06-01-01-02-04.wav;71367;22050.0
218;03-01-06-01-02-01-04.wav;76517;22050.0
219;03-01-06-01-02-02-04.wav;76517;22050.0
220;03-01-06-02-01-01-04.wav;86817;22050.0
221;03-01-06-02-01-02-04.wav;75045;22050.0
222;03-01-06-02-02-01-04.wav;79460;22050.0
223;03-01-06-02-02-02-04.wav;78724;22050.0
224;03-01-07-01-01-01-04.wav;86082;22050.0
225;03-01-07-01-01-02-04.wav;86081;22050.0
226;03-01-07-01-02-01-04.wav;83139;22050.0
227;03-01-07-01-02-02-04.wav;83875;22050.0
228;03-01-07-02-01-01-04.wav;88289;22050.0
229;03-01-07-02-01-02-04.wav;89025;22050.0
230;03-01-07-02-02-01-04.wav;85346;22050.0
231;03-01-07-02-02-02-04.wav;86817;22050.0
232;03-01-08-01-01-01-04.wav;71367;22050.0
233;03-01-08-01-01-02-04.wav;73574;22050.0
234;03-01-08-01-02-01-04.wav;80195;22050.0
235;03-01-08-01-02-02-04.wav;75781;22050.0
236;03-01-08-02-01-01-04.wav;80931;22050.0
237;03-01-08-02-01-02-04.wav;78724;22050.0
238;03-01-08-02-02-01-04.wav;76517;22050.0
239;03-01-08-02-02-02-04.wav;77988;22050.0
240;03-01-01-01-01-01-05.wav;79460;22050.0
241;03-01-01-01-01-02-05.wav;80196;22050.0
242;03-01-01-01-02-01-05.wav;68423;22050.0
243;03-01-01-01-02-02-05.wav;79460;22050.0
244;03-01-02-01-01-01-05.wav;89024;22050.0
245;03-01-02-01-01-02-05.wav;90496;22050.0
246;03-01-02-01-02-01-05.wav;91232;22050.0
247;03-01-02-01-02-02-05.wav;93439;22050.0
248;03-01-02-02-01-01-05.wav;104475;22050.0
249;03-01-02-02-01-02-05.wav;99325;22050.0
250;03-01-02-02-02-01-05.wav;105211;22050.0
251;03-01-02-02-02-02-05.wav;94910;22050.0
252;03-01-03-01-01-01-05.wav;88289;22050.0
253;03-01-03-01-01-02-05.wav;71367;22050.0
254;03-01-03-01-02-01-05.wav;74309;22050.0
255;03-01-03-01-02-02-05.wav;83139;22050.0
256;03-01-03-02-01-01-05.wav;91232;22050.0
257;03-01-03-02-01-02-05.wav;85346;22050.0
258;03-01-03-02-02-01-05.wav;79460;22050.0
259;03-01-03-02-02-02-05.wav;75045;22050.0
260;03-01-04-01-01-01-05.wav;72103;22050.0
261;03-01-04-01-01-02-05.wav;80195;22050.0
262;03-01-04-01-02-01-05.wav;68424;22050.0
263;03-01-04-01-02-02-05.wav;81667;22050.0
264;03-01-04-02-01-01-05.wav;77988;22050.0
265;03-01-04-02-01-02-05.wav;72103;22050.0
266;03-01-04-02-02-01-05.wav;72102;22050.0
267;03-01-04-02-02-02-05.wav;69160;22050.0
268;03-01-05-01-01-01-05.wav;85346;22050.0
269;03-01-05-01-01-02-05.wav;83874;22050.0
270;03-01-05-01-02-01-05.wav;89760;22050.0
271;03-01-05-01-02-02-05.wav;97117;22050.0
272;03-01-05-02-01-01-05.wav;75045;22050.0
273;03-01-05-02-01-02-05.wav;78724;22050.0
274;03-01-05-02-02-01-05.wav;80195;22050.0
275;03-01-05-02-02-02-05.wav;80196;22050.0
276;03-01-06-01-01-01-05.wav;69160;22050.0
277;03-01-06-01-01-02-05.wav;74309;22050.0
278;03-01-06-01-02-01-05.wav;69159;22050.0
279;03-01-06-01-02-02-05.wav;67688;22050.0
280;03-01-06-02-01-01-05.wav;71367;22050.0
281;03-01-06-02-01-02-05.wav;78724;22050.0
282;03-01-06-02-02-01-05.wav;71367;22050.0
283;03-01-06-02-02-02-05.wav;68424;22050.0
284;03-01-07-01-01-01-05.wav;95646;22050.0
285;03-01-07-01-01-02-05.wav;90496;22050.0
286;03-01-07-01-02-01-05.wav;86081;22050.0
287;03-01-07-01-02-02-05.wav;82403;22050.0
288;03-01-07-02-01-01-05.wav;95646;22050.0
289;03-01-07-02-01-02-05.wav;86081;22050.0
290;03-01-07-02-02-01-05.wav;94175;22050.0
291;03-01-07-02-02-02-05.wav;100061;22050.0
292;03-01-08-01-01-01-05.wav;82403;22050.0
293;03-01-08-01-01-02-05.wav;80931;22050.0
294;03-01-08-01-02-01-05.wav;67688;22050.0
295;03-01-08-01-02-02-05.wav;81667;22050.0
296;03-01-08-02-01-01-05.wav;91232;22050.0
297;03-01-08-02-01-02-05.wav;90496;22050.0
298;03-01-08-02-02-01-05.wav;80931;22050.0
299;03-01-08-02-02-02-05.wav;77989;22050.0
300;03-01-01-01-01-01-06.wav;73574;22050.0
301;03-01-01-01-01-02-06.wav;79460;22050.0
302;03-01-01-01-02-01-06.wav;75045;22050.0
303;03-01-01-01-02-02-06.wav;75781;22050.0
304;03-01-02-01-01-01-06.wav;89024;22050.0
305;03-01-02-01-01-02-06.wav;90496;22050.0
306;03-01-02-01-02-01-06.wav;87553;22050.0
307;03-01-02-01-02-02-06.wav;92703;22050.0
308;03-01-02-02-01-01-06.wav;99325;22050.0
309;03-01-02-02-01-02-06.wav;102268;22050.0
310;03-01-02-02-02-01-06.wav;95646;22050.0
311;03-01-02-02-02-02-06.wav;105211;22050.0
312;03-01-03-01-01-01-06.wav;77988;22050.0
313;03-01-03-01-01-02-06.wav;79460;22050.0
314;03-01-03-01-02-01-06.wav;76517;22050.0
315;03-01-03-01-02-02-06.wav;75781;22050.0
316;03-01-03-02-01-01-06.wav;77253;22050.0
317;03-01-03-02-01-02-06.wav;76517;22050.0
318;03-01-03-02-02-01-06.wav;78724;22050.0
319;03-01-03-02-02-02-06.wav;79460;22050.0
320;03-01-04-01-01-01-06.wav;78724;22050.0
321;03-01-04-01-01-02-06.wav;79460;22050.0
322;03-01-04-01-02-01-06.wav;76517;22050.0
323;03-01-04-01-02-02-06.wav;75781;22050.0
324;03-01-04-02-01-01-06.wav;92703;22050.0
325;03-01-04-02-01-02-06.wav;90496;22050.0
326;03-01-04-02-02-01-06.wav;101532;22050.0
327;03-01-04-02-02-02-06.wav;89024;22050.0
328;03-01-05-01-01-01-06.wav;83139;22050.0
329;03-01-05-01-01-02-06.wav;87553;22050.0
330;03-01-05-01-02-01-06.wav;92703;22050.0
331;03-01-05-01-02-02-06.wav;86081;22050.0
332;03-01-05-02-01-01-06.wav;90496;22050.0
333;03-01-05-02-01-02-06.wav;92703;22050.0
334;03-01-05-02-02-01-06.wav;97853;22050.0
335;03-01-05-02-02-02-06.wav;98589;22050.0
336;03-01-06-01-01-01-06.wav;80195;22050.0
337;03-01-06-01-01-02-06.wav;75781;22050.0
338;03-01-06-01-02-01-06.wav;78725;22050.0
339;03-01-06-01-02-02-06.wav;77253;22050.0
340;03-01-06-02-01-01-06.wav;80196;22050.0
341;03-01-06-02-01-02-06.wav;79460;22050.0
342;03-01-06-02-02-01-06.wav;82403;22050.0
343;03-01-06-02-02-02-06.wav;82403;22050.0
344;03-01-07-01-01-01-06.wav;77253;22050.0
345;03-01-07-01-01-02-06.wav;94175;22050.0
346;03-01-07-01-02-01-06.wav;82403;22050.0
347;03-01-07-01-02-02-06.wav;86817;22050.0
348;03-01-07-02-01-01-06.wav;94911;22050.0
349;03-01-07-02-01-02-06.wav;86817;22050.0
350;03-01-07-02-02-01-06.wav;89024;22050.0
351;03-01-07-02-02-02-06.wav;87553;22050.0
352;03-01-08-01-01-01-06.wav;71367;22050.0
353;03-01-08-01-01-02-06.wav;71367;22050.0
354;03-01-08-01-02-01-06.wav;70631;22050.0
355;03-01-08-01-02-02-06.wav;69159;22050.0
356;03-01-08-02-01-01-06.wav;71367;22050.0
357;03-01-08-02-01-02-06.wav;74310;22050.0
358;03-01-08-02-02-01-06.wav;72839;22050.0
359;03-01-08-02-02-02-06.wav;70631;22050.0
360;03-01-01-01-01-01-07.wav;86082;22050.0
361;03-01-01-01-01-02-07.wav;83875;22050.0
362;03-01-01-01-02-01-07.wav;91231;22050.0
363;03-01-01-01-02-02-07.wav;82403;22050.0
364;03-01-02-01-01-01-07.wav;76517;22050.0
365;03-01-02-01-01-02-07.wav;82403;22050.0
366;03-01-02-01-02-01-07.wav;77253;22050.0
367;03-01-02-01-02-02-07.wav;77989;22050.0
368;03-01-02-02-01-01-07.wav;88289;22050.0
369;03-01-02-02-01-02-07.wav;85346;22050.0
370;03-01-02-02-02-01-07.wav;94175;22050.0
371;03-01-02-02-02-02-07.wav;90496;22050.0
372;03-01-03-01-01-01-07.wav;77253;22050.0
373;03-01-03-01-01-02-07.wav;76517;22050.0
374;03-01-03-01-02-01-07.wav;75045;22050.0
375;03-01-03-01-02-02-07.wav;75045;22050.0
376;03-01-03-02-01-01-07.wav;90496;22050.0
377;03-01-03-02-01-02-07.wav;89024;22050.0
378;03-01-03-02-02-01-07.wav;89025;22050.0
379;03-01-03-02-02-02-07.wav;84610;22050.0
380;03-01-04-01-01-01-07.wav;77989;22050.0
381;03-01-04-01-01-02-07.wav;79460;22050.0
382;03-01-04-01-02-01-07.wav;77989;22050.0
383;03-01-04-01-02-02-07.wav;85345;22050.0
384;03-01-04-02-01-01-07.wav;86817;22050.0
385;03-01-04-02-01-02-07.wav;84610;22050.0
386;03-01-04-02-02-01-07.wav;80196;22050.0
387;03-01-04-02-02-02-07.wav;84610;22050.0
388;03-01-05-01-01-01-07.wav;88289;22050.0
389;03-01-05-01-01-02-07.wav;87553;22050.0
390;03-01-05-01-02-01-07.wav;88289;22050.0
391;03-01-05-01-02-02-07.wav;88289;22050.0
392;03-01-05-02-01-01-07.wav;79460;22050.0
393;03-01-05-02-01-02-07.wav;88289;22050.0
394;03-01-05-02-02-01-07.wav;84610;22050.0
395;03-01-05-02-02-02-07.wav;95646;22050.0
396;03-01-06-01-01-01-07.wav;75781;22050.0
397;03-01-06-01-01-02-07.wav;77253;22050.0
398;03-01-06-01-02-01-07.wav;75781;22050.0
399;03-01-06-01-02-02-07.wav;74310;22050.0
400;03-01-06-02-01-01-07.wav;80196;22050.0
401;03-01-06-02-01-02-07.wav;76517;22050.0
402;03-01-06-02-02-01-07.wav;75045;22050.0
403;03-01-06-02-02-02-07.wav;77253;22050.0
404;03-01-07-01-01-01-07.wav;77988;22050.0
405;03-01-07-01-01-02-07.wav;77253;22050.0
406;03-01-07-01-02-01-07.wav;75781;22050.0
407;03-01-07-01-02-02-07.wav;77988;22050.0
408;03-01-07-02-01-01-07.wav;91232;22050.0
409;03-01-07-02-01-02-07.wav;97117;22050.0
410;03-01-07-02-02-01-07.wav;91231;22050.0
411;03-01-07-02-02-02-07.wav;105210;22050.0
412;03-01-08-01-01-01-07.wav;76517;22050.0
413;03-01-08-01-01-02-07.wav;77989;22050.0
414;03-01-08-01-02-01-07.wav;75781;22050.0
415;03-01-08-01-02-02-07.wav;75781;22050.0
416;03-01-08-02-01-01-07.wav;85346;22050.0
417;03-01-08-02-01-02-07.wav;80195;22050.0
418;03-01-08-02-02-01-07.wav;75781;22050.0
419;03-01-08-02-02-02-07.wav;76517;22050.0
420;03-01-01-01-01-01-08.wav;77253;22050.0
421;03-01-01-01-01-02-08.wav;80196;22050.0
422;03-01-01-01-02-01-08.wav;77988;22050.0
423;03-01-01-01-02-02-08.wav;77253;22050.0
424;03-01-02-01-01-01-08.wav;79460;22050.0
425;03-01-02-01-01-02-08.wav;75046;22050.0
426;03-01-02-01-02-01-08.wav;76517;22050.0
427;03-01-02-01-02-02-08.wav;76517;22050.0
428;03-01-02-02-01-01-08.wav;80195;22050.0
429;03-01-02-02-01-02-08.wav;82403;22050.0
430;03-01-02-02-02-01-08.wav;80931;22050.0
431;03-01-02-02-02-02-08.wav;83875;22050.0
432;03-01-03-01-01-01-08.wav;77253;22050.0
433;03-01-03-01-01-02-08.wav;75781;22050.0
434;03-01-03-01-02-01-08.wav;76517;22050.0
435;03-01-03-01-02-02-08.wav;75781;22050.0
436;03-01-03-02-01-01-08.wav;83138;22050.0
437;03-01-03-02-01-02-08.wav;86081;22050.0
438;03-01-03-02-02-01-08.wav;84610;22050.0
439;03-01-03-02-02-02-08.wav;86817;22050.0
440;03-01-04-01-01-01-08.wav;92703;22050.0
441;03-01-04-01-01-02-08.wav;85345;22050.0
442;03-01-04-01-02-01-08.wav;78725;22050.0
443;03-01-04-01-02-02-08.wav;79460;22050.0
444;03-01-04-02-01-01-08.wav;83138;22050.0
445;03-01-04-02-01-02-08.wav;86817;22050.0
446;03-01-04-02-02-01-08.wav;80931;22050.0
447;03-01-04-02-02-02-08.wav;81667;22050.0
448;03-01-05-01-01-01-08.wav;81667;22050.0
449;03-01-05-01-01-02-08.wav;79460;22050.0
450;03-01-05-01-02-01-08.wav;77989;22050.0
451;03-01-05-01-02-02-08.wav;78724;22050.0
452;03-01-05-02-01-01-08.wav;87553;22050.0
453;03-01-05-02-01-02-08.wav;83139;22050.0
454;03-01-05-02-02-01-08.wav;79460;22050.0
455;03-01-05-02-02-02-08.wav;80195;22050.0
456;03-01-06-01-01-01-08.wav;87553;22050.0
457;03-01-06-01-01-02-08.wav;80931;22050.0
458;03-01-06-01-02-01-08.wav;83139;22050.0
459;03-01-06-01-02-02-08.wav;80931;22050.0
460;03-01-06-02-01-01-08.wav;87553;22050.0
461;03-01-06-02-01-02-08.wav;86081;22050.0
462;03-01-06-02-02-01-08.wav;85345;22050.0
463;03-01-06-02-02-02-08.wav;86817;22050.0
464;03-01-07-01-01-01-08.wav;86081;22050.0
465;03-01-07-01-01-02-08.wav;80931;22050.0
466;03-01-07-01-02-01-08.wav;86817;22050.0
467;03-01-07-01-02-02-08.wav;84610;22050.0
468;03-01-07-02-01-01-08.wav;89760;22050.0
469;03-01-07-02-01-02-08.wav;83139;22050.0
470;03-01-07-02-02-01-08.wav;82403;22050.0
471;03-01-07-02-02-02-08.wav;85345;22050.0
472;03-01-08-01-01-01-08.wav;81667;22050.0
473;03-01-08-01-01-02-08.wav;83874;22050.0
474;03-01-08-01-02-01-08.wav;83139;22050.0
475;03-01-08-01-02-02-08.wav;77989;22050.0
476;03-01-08-02-01-01-08.wav;84610;22050.0
477;03-01-08-02-01-02-08.wav;81667;22050.0
478;03-01-08-02-02-01-08.wav;83874;22050.0
479;03-01-08-02-02-02-08.wav;85346;22050.0
480;03-01-01-01-01-01-09.wav;72103;22050.0
481;03-01-01-01-01-02-09.wav;70631;22050.0
482;03-01-01-01-02-01-09.wav;73574;22050.0
483;03-01-01-01-02-02-09.wav;71367;22050.0
484;03-01-02-01-01-01-09.wav;73574;22050.0
485;03-01-02-01-01-02-09.wav;73574;22050.0
486;03-01-02-01-02-01-09.wav;76517;22050.0
487;03-01-02-01-02-02-09.wav;78724;22050.0
488;03-01-02-02-01-01-09.wav;73574;22050.0
489;03-01-02-02-01-02-09.wav;75781;22050.0
490;03-01-02-02-02-01-09.wav;83874;22050.0
491;03-01-02-02-02-02-09.wav;80196;22050.0
492;03-01-03-01-01-01-09.wav;73574;22050.0
493;03-01-03-01-01-02-09.wav;77988;22050.0
494;03-01-03-01-02-01-09.wav;72838;22050.0
495;03-01-03-01-02-02-09.wav;76517;22050.0
496;03-01-03-02-01-01-09.wav;83139;22050.0
497;03-01-03-02-01-02-09.wav;91967;22050.0
498;03-01-03-02-02-01-09.wav;78725;22050.0
499;03-01-03-02-02-02-09.wav;78724;22050.0
500;03-01-04-01-01-01-09.wav;72103;22050.0
501;03-01-04-01-01-02-09.wav;75781;22050.0
502;03-01-04-01-02-01-09.wav;75045;22050.0
503;03-01-04-01-02-02-09.wav;75046;22050.0
504;03-01-04-02-01-01-09.wav;86817;22050.0
505;03-01-04-02-01-02-09.wav;86081;22050.0
506;03-01-04-02-02-01-09.wav;80196;22050.0
507;03-01-04-02-02-02-09.wav;85346;22050.0
508;03-01-05-01-01-01-09.wav;78724;22050.0
509;03-01-05-01-01-02-09.wav;78725;22050.0
510;03-01-05-01-02-01-09.wav;82403;22050.0
511;03-01-05-01-02-02-09.wav;77989;22050.0
512;03-01-05-02-01-01-09.wav;83875;22050.0
513;03-01-05-02-01-02-09.wav;83139;22050.0
514;03-01-05-02-02-01-09.wav;96382;22050.0
515;03-01-05-02-02-02-09.wav;87553;22050.0
516;03-01-06-01-01-01-09.wav;69895;22050.0
517;03-01-06-01-01-02-09.wav;69895;22050.0
518;03-01-06-01-02-01-09.wav;69160;22050.0
519;03-01-06-01-02-02-09.wav;69159;22050.0
520;03-01-06-02-01-01-09.wav;71367;22050.0
521;03-01-06-02-01-02-09.wav;72103;22050.0
522;03-01-06-02-02-01-09.wav;71367;22050.0
523;03-01-06-02-02-02-09.wav;71367;22050.0
524;03-01-07-01-01-01-09.wav;75045;22050.0
525;03-01-07-01-01-02-09.wav;77253;22050.0
526;03-01-07-01-02-01-09.wav;76517;22050.0
527;03-01-07-01-02-02-09.wav;75045;22050.0
528;03-01-07-02-01-01-09.wav;80196;22050.0
529;03-01-07-02-01-02-09.wav;77988;22050.0
530;03-01-07-02-02-01-09.wav;78724;22050.0
531;03-01-07-02-02-02-09.wav;79460;22050.0
532;03-01-08-01-01-01-09.wav;67688;22050.0
533;03-01-08-01-01-02-09.wav;73574;22050.0
534;03-01-08-01-02-01-09.wav;75781;22050.0
535;03-01-08-01-02-02-09.wav;75781;22050.0
536;03-01-08-02-01-01-09.wav;72838;22050.0
537;03-01-08-02-01-02-09.wav;72103;22050.0
538;03-01-08-02-02-01-09.wav;75045;22050.0
539;03-01-08-02-02-02-09.wav;75781;22050.0
540;03-01-01-01-01-01-10.wav;77989;22050.0
541;03-01-01-01-01-02-10.wav;84610;22050.0
542;03-01-01-01-02-01-10.wav;82403;22050.0
543;03-01-01-01-02-02-10.wav;80931;22050.0
544;03-01-02-01-01-01-10.wav;78724;22050.0
545;03-01-02-01-01-02-10.wav;79460;22050.0
546;03-01-02-01-02-01-10.wav;80195;22050.0
547;03-01-02-01-02-02-10.wav;81667;22050.0
548;03-01-02-02-01-01-10.wav;82403;22050.0
549;03-01-02-02-01-02-10.wav;82403;22050.0
550;03-01-02-02-02-01-10.wav;83874;22050.0
551;03-01-02-02-02-02-10.wav;84610;22050.0
552;03-01-03-01-01-01-10.wav;77253;22050.0
553;03-01-03-01-01-02-10.wav;76517;22050.0
554;03-01-03-01-02-01-10.wav;72838;22050.0
555;03-01-03-01-02-02-10.wav;73574;22050.0
556;03-01-03-02-01-01-10.wav;84610;22050.0
557;03-01-03-02-01-02-10.wav;77253;22050.0
558;03-01-03-02-02-01-10.wav;82403;22050.0
559;03-01-03-02-02-02-10.wav;87553;22050.0
560;03-01-04-01-01-01-10.wav;72838;22050.0
561;03-01-04-01-01-02-10.wav;76517;22050.0
562;03-01-04-01-02-01-10.wav;77989;22050.0
563;03-01-04-01-02-02-10.wav;83874;22050.0
564;03-01-04-02-01-01-10.wav;77253;22050.0
565;03-01-04-02-01-02-10.wav;78724;22050.0
566;03-01-04-02-02-01-10.wav;80931;22050.0
567;03-01-04-02-02-02-10.wav;78724;22050.0
568;03-01-05-01-01-01-10.wav;86081;22050.0
569;03-01-05-01-01-02-10.wav;88289;22050.0
570;03-01-05-01-02-01-10.wav;90496;22050.0
571;03-01-05-01-02-02-10.wav;91232;22050.0
572;03-01-05-02-01-01-10.wav;91967;22050.0
573;03-01-05-02-01-02-10.wav;98589;22050.0
574;03-01-05-02-02-01-10.wav;85345;22050.0
575;03-01-05-02-02-02-10.wav;91231;22050.0
576;03-01-06-01-01-01-10.wav;75046;22050.0
577;03-01-06-01-01-02-10.wav;72839;22050.0
578;03-01-06-01-02-01-10.wav;77988;22050.0
579;03-01-06-01-02-02-10.wav;75781;22050.0
580;03-01-06-02-01-01-10.wav;77253;22050.0
581;03-01-06-02-01-02-10.wav;81667;22050.0
582;03-01-06-02-02-01-10.wav;83874;22050.0
583;03-01-06-02-02-02-10.wav;85346;22050.0
584;03-01-07-01-01-01-10.wav;81667;22050.0
585;03-01-07-01-01-02-10.wav;92703;22050.0
586;03-01-07-01-02-01-10.wav;85346;22050.0
587;03-01-07-01-02-02-10.wav;94175;22050.0
588;03-01-07-02-01-01-10.wav;103003;22050.0
589;03-01-07-02-01-02-10.wav;100061;22050.0
590;03-01-07-02-02-01-10.wav;92703;22050.0
591;03-01-07-02-02-02-10.wav;107418;22050.0
592;03-01-08-01-01-01-10.wav;71367;22050.0
593;03-01-08-01-01-02-10.wav;75046;22050.0
594;03-01-08-01-02-01-10.wav;77253;22050.0
595;03-01-08-01-02-02-10.wav;76517;22050.0
596;03-01-08-02-01-01-10.wav;77253;22050.0
597;03-01-08-02-01-02-10.wav;75045;22050.0
598;03-01-08-02-02-01-10.wav;80195;22050.0
599;03-01-08-02-02-02-10.wav;77253;22050.0
600;03-01-01-01-01-01-11.wav;69160;22050.0
601;03-01-01-01-01-02-11.wav;68424;22050.0
602;03-01-01-01-02-01-11.wav;70631;22050.0
603;03-01-01-01-02-02-11.wav;69895;22050.0
604;03-01-02-01-01-01-11.wav;72102;22050.0
605;03-01-02-01-01-02-11.wav;73574;22050.0
606;03-01-02-01-02-01-11.wav;73574;22050.0
607;03-01-02-01-02-02-11.wav;80931;22050.0
608;03-01-02-02-01-01-11.wav;84610;22050.0
609;03-01-02-02-01-02-11.wav;82403;22050.0
610;03-01-02-02-02-01-11.wav;83139;22050.0
611;03-01-02-02-02-02-11.wav;84610;22050.0
612;03-01-03-01-01-01-11.wav;68424;22050.0
613;03-01-03-01-01-02-11.wav;70631;22050.0
614;03-01-03-01-02-01-11.wav;69895;22050.0
615;03-01-03-01-02-02-11.wav;71367;22050.0
616;03-01-03-02-01-01-11.wav;89025;22050.0
617;03-01-03-02-01-02-11.wav;80196;22050.0
618;03-01-03-02-02-01-11.wav;85345;22050.0
619;03-01-03-02-02-02-11.wav;77253;22050.0
620;03-01-04-01-01-01-11.wav;73574;22050.0
621;03-01-04-01-01-02-11.wav;79460;22050.0
622;03-01-04-01-02-01-11.wav;77988;22050.0
623;03-01-04-01-02-02-11.wav;75781;22050.0
624;03-01-04-02-01-01-11.wav;73574;22050.0
625;03-01-04-02-01-02-11.wav;79460;22050.0
626;03-01-04-02-02-01-11.wav;74310;22050.0
627;03-01-04-02-02-02-11.wav;73574;22050.0
628;03-01-05-01-01-01-11.wav;79460;22050.0
629;03-01-05-01-01-02-11.wav;76517;22050.0
630;03-01-05-01-02-01-11.wav;76517;22050.0
631;03-01-05-01-02-02-11.wav;82403;22050.0
632;03-01-05-02-01-01-11.wav;77989;22050.0
633;03-01-05-02-01-02-11.wav;87553;22050.0
634;03-01-05-02-02-01-11.wav;86817;22050.0
635;03-01-05-02-02-02-11.wav;83139;22050.0
636;03-01-06-01-01-01-11.wav;76517;22050.0
637;03-01-06-01-01-02-11.wav;77253;22050.0
638;03-01-06-01-02-01-11.wav;69895;22050.0
639;03-01-06-01-02-02-11.wav;70631;22050.0
640;03-01-06-02-01-01-11.wav;70631;22050.0
641;03-01-06-02-01-02-11.wav;70631;22050.0
642;03-01-06-02-02-01-11.wav;67688;22050.0
643;03-01-06-02-02-02-11.wav;69159;22050.0
644;03-01-07-01-01-01-11.wav;80931;22050.0
645;03-01-07-01-01-02-11.wav;79460;22050.0
646;03-01-07-01-02-01-11.wav;76517;22050.0
647;03-01-07-01-02-02-11.wav;80931;22050.0
648;03-01-07-02-01-01-11.wav;83875;22050.0
649;03-01-07-02-01-02-11.wav;83875;22050.0
650;03-01-07-02-02-01-11.wav;82403;22050.0
651;03-01-07-02-02-02-11.wav;82403;22050.0
652;03-01-08-01-01-01-11.wav;67688;22050.0
653;03-01-08-01-01-02-11.wav;69159;22050.0
654;03-01-08-01-02-01-11.wav;69895;22050.0
655;03-01-08-01-02-02-11.wav;65481;22050.0
656;03-01-08-02-01-01-11.wav;67688;22050.0
657;03-01-08-02-01-02-11.wav;68424;22050.0
658;03-01-08-02-02-01-11.wav;67688;22050.0
659;03-01-08-02-02-02-11.wav;67688;22050.0
660;03-01-01-01-01-01-12.wav;80195;22050.0
661;03-01-01-01-01-02-12.wav;77989;22050.0
662;03-01-01-01-02-01-12.wav;79460;22050.0
663;03-01-01-01-02-02-12.wav;80196;22050.0
664;03-01-02-01-01-01-12.wav;85345;22050.0
665;03-01-02-01-01-02-12.wav;83138;22050.0
666;03-01-02-01-02-01-12.wav;83139;22050.0
667;03-01-02-01-02-02-12.wav;80931;22050.0
668;03-01-02-02-01-01-12.wav;87553;22050.0
669;03-01-02-02-01-02-12.wav;83139;22050.0
670;03-01-02-02-02-01-12.wav;82403;22050.0
671;03-01-02-02-02-02-12.wav;83875;22050.0
672;03-01-03-01-01-01-12.wav;81667;22050.0
673;03-01-03-01-01-02-12.wav;82403;22050.0
674;03-01-03-01-02-01-12.wav;77253;22050.0
675;03-01-03-01-02-02-12.wav;82403;22050.0
676;03-01-03-02-01-01-12.wav;92703;22050.0
677;03-01-03-02-01-02-12.wav;91231;22050.0
678;03-01-03-02-02-01-12.wav;86082;22050.0
679;03-01-03-02-02-02-12.wav;87553;22050.0
680;03-01-04-01-01-01-12.wav;80931;22050.0
681;03-01-04-01-01-02-12.wav;79460;22050.0
682;03-01-04-01-02-01-12.wav;80931;22050.0
683;03-01-04-01-02-02-12.wav;78724;22050.0
684;03-01-04-02-01-01-12.wav;85345;22050.0
685;03-01-04-02-01-02-12.wav;83139;22050.0
686;03-01-04-02-02-01-12.wav;83874;22050.0
687;03-01-04-02-02-02-12.wav;85346;22050.0
688;03-01-05-01-01-01-12.wav;94175;22050.0
689;03-01-05-01-01-02-12.wav;87553;22050.0
690;03-01-05-01-02-01-12.wav;82403;22050.0
691;03-01-05-01-02-02-12.wav;91231;22050.0
692;03-01-05-02-01-01-12.wav;80195;22050.0
693;03-01-05-02-01-02-12.wav;80931;22050.0
694;03-01-05-02-02-01-12.wav;83875;22050.0
695;03-01-05-02-02-02-12.wav;84610;22050.0
696;03-01-06-01-01-01-12.wav;75046;22050.0
697;03-01-06-01-01-02-12.wav;77253;22050.0
698;03-01-06-01-02-01-12.wav;74309;22050.0
699;03-01-06-01-02-02-12.wav;70631;22050.0
700;03-01-06-02-01-01-12.wav;82403;22050.0
701;03-01-06-02-01-02-12.wav;81667;22050.0
702;03-01-06-02-02-01-12.wav;76517;22050.0
703;03-01-06-02-02-02-12.wav;80931;22050.0
704;03-01-07-01-01-01-12.wav;82403;22050.0
705;03-01-07-01-01-02-12.wav;81667;22050.0
706;03-01-07-01-02-01-12.wav;79460;22050.0
707;03-01-07-01-02-02-12.wav;81667;22050.0
708;03-01-07-02-01-01-12.wav;87553;22050.0
709;03-01-07-02-01-02-12.wav;100060;22050.0
710;03-01-07-02-02-01-12.wav;92703;22050.0
711;03-01-07-02-02-02-12.wav;87553;22050.0
712;03-01-08-01-01-01-12.wav;77989;22050.0
713;03-01-08-01-01-02-12.wav;80195;22050.0
714;03-01-08-01-02-01-12.wav;77253;22050.0
715;03-01-08-01-02-02-12.wav;79460;22050.0
716;03-01-08-02-01-01-12.wav;81667;22050.0
717;03-01-08-02-01-02-12.wav;82403;22050.0
718;03-01-08-02-02-01-12.wav;82403;22050.0
719;03-01-08-02-02-02-12.wav;80931;22050.0
720;03-01-01-01-01-01-13.wav;69895;22050.0
721;03-01-01-01-01-02-13.wav;70631;22050.0
722;03-01-01-01-02-01-13.wav;67688;22050.0
723;03-01-01-01-02-02-13.wav;69159;22050.0
724;03-01-02-01-01-01-13.wav;72838;22050.0
725;03-01-02-01-01-02-13.wav;69895;22050.0
726;03-01-02-01-02-01-13.wav;69159;22050.0
727;03-01-02-01-02-02-13.wav;64745;22050.0
728;03-01-02-02-01-01-13.wav;69160;22050.0
729;03-01-02-02-01-02-13.wav;70631;22050.0
730;03-01-02-02-02-01-13.wav;66217;22050.0
731;03-01-02-02-02-02-13.wav;66952;22050.0
732;03-01-03-01-01-01-13.wav;71367;22050.0
733;03-01-03-01-01-02-13.wav;70631;22050.0
734;03-01-03-01-02-01-13.wav;69160;22050.0
735;03-01-03-01-02-02-13.wav;70631;22050.0
736;03-01-03-02-01-01-13.wav;75781;22050.0
737;03-01-03-02-01-02-13.wav;79460;22050.0
738;03-01-03-02-02-01-13.wav;74309;22050.0
739;03-01-03-02-02-02-13.wav;73574;22050.0
740;03-01-04-01-01-01-13.wav;78724;22050.0
741;03-01-04-01-01-02-13.wav;77988;22050.0
742;03-01-04-01-02-01-13.wav;75781;22050.0
743;03-01-04-01-02-02-13.wav;74310;22050.0
744;03-01-04-02-01-01-13.wav;73574;22050.0
745;03-01-04-02-01-02-13.wav;72838;22050.0
746;03-01-04-02-02-01-13.wav;75781;22050.0
747;03-01-04-02-02-02-13.wav;70631;22050.0
748;03-01-05-01-01-01-13.wav;75781;22050.0
749;03-01-05-01-01-02-13.wav;77988;22050.0
750;03-01-05-01-02-01-13.wav;79460;22050.0
751;03-01-05-01-02-02-13.wav;74309;22050.0
752;03-01-05-02-01-01-13.wav;80931;22050.0
753;03-01-05-02-01-02-13.wav;94175;22050.0
754;03-01-05-02-02-01-13.wav;78724;22050.0
755;03-01-05-02-02-02-13.wav;91967;22050.0
756;03-01-06-01-01-01-13.wav;69160;22050.0
757;03-01-06-01-01-02-13.wav;69895;22050.0
758;03-01-06-01-02-01-13.wav;70631;22050.0
759;03-01-06-01-02-02-13.wav;71367;22050.0
760;03-01-06-02-01-01-13.wav;74310;22050.0
761;03-01-06-02-01-02-13.wav;72103;22050.0
762;03-01-06-02-02-01-13.wav;77253;22050.0
763;03-01-06-02-02-02-13.wav;70631;22050.0
764;03-01-07-01-01-01-13.wav;69159;22050.0
765;03-01-07-01-01-02-13.wav;69895;22050.0
766;03-01-07-01-02-01-13.wav;72103;22050.0
767;03-01-07-01-02-02-13.wav;71367;22050.0
768;03-01-07-02-01-01-13.wav;75045;22050.0
769;03-01-07-02-01-02-13.wav;81667;22050.0
770;03-01-07-02-02-01-13.wav;75045;22050.0
771;03-01-07-02-02-02-13.wav;75781;22050.0
772;03-01-08-01-01-01-13.wav;75045;22050.0
773;03-01-08-01-01-02-13.wav;69159;22050.0
774;03-01-08-01-02-01-13.wav;69160;22050.0
775;03-01-08-01-02-02-13.wav;66953;22050.0
776;03-01-08-02-01-01-13.wav;73574;22050.0
777;03-01-08-02-01-02-13.wav;72838;22050.0
778;03-01-08-02-02-01-13.wav;73574;22050.0
779;03-01-08-02-02-02-13.wav;72838;22050.0
780;03-01-01-01-01-01-14.wav;76517;22050.0
781;03-01-01-01-01-02-14.wav;73574;22050.0
782;03-01-01-01-02-01-14.wav;76517;22050.0
783;03-01-01-01-02-02-14.wav;78724;22050.0
784;03-01-02-01-01-01-14.wav;82403;22050.0
785;03-01-02-01-01-02-14.wav;78724;22050.0
786;03-01-02-01-02-01-14.wav;75046;22050.0
787;03-01-02-01-02-02-14.wav;77253;22050.0
788;03-01-02-02-01-01-14.wav;85345;22050.0
789;03-01-02-02-01-02-14.wav;86081;22050.0
790;03-01-02-02-02-01-14.wav;82403;22050.0
791;03-01-02-02-02-02-14.wav;83139;22050.0
792;03-01-03-01-01-01-14.wav;81667;22050.0
793;03-01-03-01-01-02-14.wav;80931;22050.0
794;03-01-03-01-02-01-14.wav;75045;22050.0
795;03-01-03-01-02-02-14.wav;76517;22050.0
796;03-01-03-02-01-01-14.wav;83138;22050.0
797;03-01-03-02-01-02-14.wav;82403;22050.0
798;03-01-03-02-02-01-14.wav;84610;22050.0
799;03-01-03-02-02-02-14.wav;82403;22050.0
800;03-01-04-01-01-01-14.wav;82403;22050.0
801;03-01-04-01-01-02-14.wav;79460;22050.0
802;03-01-04-01-02-01-14.wav;79460;22050.0
803;03-01-04-01-02-02-14.wav;77989;22050.0
804;03-01-04-02-01-01-14.wav;85345;22050.0
805;03-01-04-02-01-02-14.wav;80931;22050.0
806;03-01-04-02-02-01-14.wav;80931;22050.0
807;03-01-04-02-02-02-14.wav;86082;22050.0
808;03-01-05-01-01-01-14.wav;79460;22050.0
809;03-01-05-01-01-02-14.wav;81667;22050.0
810;03-01-05-01-02-01-14.wav;82403;22050.0
811;03-01-05-01-02-02-14.wav;86082;22050.0
812;03-01-05-02-01-01-14.wav;94175;22050.0
813;03-01-05-02-01-02-14.wav;96382;22050.0
814;03-01-05-02-02-01-14.wav;91967;22050.0
815;03-01-05-02-02-02-14.wav;97118;22050.0
816;03-01-06-01-01-01-14.wav;74309;22050.0
817;03-01-06-01-01-02-14.wav;78724;22050.0
818;03-01-06-01-02-01-14.wav;74310;22050.0
819;03-01-06-01-02-02-14.wav;74309;22050.0
820;03-01-06-02-01-01-14.wav;74309;22050.0
821;03-01-06-02-01-02-14.wav;75045;22050.0
822;03-01-06-02-02-01-14.wav;77253;22050.0
823;03-01-06-02-02-02-14.wav;76517;22050.0
824;03-01-07-01-01-01-14.wav;83138;22050.0
825;03-01-07-01-01-02-14.wav;80195;22050.0
826;03-01-07-01-02-01-14.wav;82403;22050.0
827;03-01-07-01-02-02-14.wav;83139;22050.0
828;03-01-07-02-01-01-14.wav;86817;22050.0
829;03-01-07-02-01-02-14.wav;82403;22050.0
830;03-01-07-02-02-01-14.wav;80931;22050.0
831;03-01-07-02-02-02-14.wav;83874;22050.0
832;03-01-08-01-01-01-14.wav;80196;22050.0
833;03-01-08-01-01-02-14.wav;78725;22050.0
834;03-01-08-01-02-01-14.wav;70631;22050.0
835;03-01-08-01-02-02-14.wav;72838;22050.0
836;03-01-08-02-01-01-14.wav;87553;22050.0
837;03-01-08-02-01-02-14.wav;81667;22050.0
838;03-01-08-02-02-01-14.wav;81667;22050.0
839;03-01-08-02-02-02-14.wav;82403;22050.0
840;03-01-01-01-01-01-15.wav;74310;22050.0
841;03-01-01-01-01-02-15.wav;75781;22050.0
842;03-01-01-01-02-01-15.wav;75781;22050.0
843;03-01-01-01-02-02-15.wav;75045;22050.0
844;03-01-02-01-01-01-15.wav;78725;22050.0
845;03-01-02-01-01-02-15.wav;78724;22050.0
846;03-01-02-01-02-01-15.wav;82403;22050.0
847;03-01-02-01-02-02-15.wav;78724;22050.0
848;03-01-02-02-01-01-15.wav;80931;22050.0
849;03-01-02-02-01-02-15.wav;83875;22050.0
850;03-01-02-02-02-01-15.wav;86817;22050.0
851;03-01-02-02-02-02-15.wav;79460;22050.0
852;03-01-03-01-01-01-15.wav;75045;22050.0
853;03-01-03-01-01-02-15.wav;73574;22050.0
854;03-01-03-01-02-01-15.wav;73574;22050.0
855;03-01-03-01-02-02-15.wav;75781;22050.0
856;03-01-03-02-01-01-15.wav;78724;22050.0
857;03-01-03-02-01-02-15.wav;76517;22050.0
858;03-01-03-02-02-01-15.wav;83874;22050.0
859;03-01-03-02-02-02-15.wav;74310;22050.0
860;03-01-04-01-01-01-15.wav;77253;22050.0
861;03-01-04-01-01-02-15.wav;72838;22050.0
862;03-01-04-01-02-01-15.wav;72839;22050.0
863;03-01-04-01-02-02-15.wav;74309;22050.0
864;03-01-04-02-01-01-15.wav;72102;22050.0
865;03-01-04-02-01-02-15.wav;75045;22050.0
866;03-01-04-02-02-01-15.wav;77989;22050.0
867;03-01-04-02-02-02-15.wav;75781;22050.0
868;03-01-05-01-01-01-15.wav;80196;22050.0
869;03-01-05-01-01-02-15.wav;79460;22050.0
870;03-01-05-01-02-01-15.wav;81667;22050.0
871;03-01-05-01-02-02-15.wav;77989;22050.0
872;03-01-05-02-01-01-15.wav;77989;22050.0
873;03-01-05-02-01-02-15.wav;82403;22050.0
874;03-01-05-02-02-01-15.wav;76517;22050.0
875;03-01-05-02-02-02-15.wav;79460;22050.0
876;03-01-06-01-01-01-15.wav;72838;22050.0
877;03-01-06-01-01-02-15.wav;72839;22050.0
878;03-01-06-01-02-01-15.wav;72103;22050.0
879;03-01-06-01-02-02-15.wav;72838;22050.0
880;03-01-06-02-01-01-15.wav;73574;22050.0
881;03-01-06-02-01-02-15.wav;76517;22050.0
882;03-01-06-02-02-01-15.wav;74309;22050.0
883;03-01-06-02-02-02-15.wav;77253;22050.0
884;03-01-07-01-01-01-15.wav;82403;22050.0
885;03-01-07-01-01-02-15.wav;80195;22050.0
886;03-01-07-01-02-01-15.wav;80931;22050.0
887;03-01-07-01-02-02-15.wav;89760;22050.0
888;03-01-07-02-01-01-15.wav;81667;22050.0
889;03-01-07-02-01-02-15.wav;74310;22050.0
890;03-01-07-02-02-01-15.wav;72839;22050.0
891;03-01-07-02-02-02-15.wav;76517;22050.0
892;03-01-08-01-01-01-15.wav;80196;22050.0
893;03-01-08-01-01-02-15.wav;75781;22050.0
894;03-01-08-01-02-01-15.wav;81667;22050.0
895;03-01-08-01-02-02-15.wav;74310;22050.0
896;03-01-08-02-01-01-15.wav;74309;22050.0
897;03-01-08-02-01-02-15.wav;72838;22050.0
898;03-01-08-02-02-01-15.wav;70631;22050.0
899;03-01-08-02-02-02-15.wav;73574;22050.0
900;03-01-01-01-01-01-16.wav;82403;22050.0
901;03-01-01-01-01-02-16.wav;82403;22050.0
902;03-01-01-01-02-01-16.wav;79460;22050.0
903;03-01-01-01-02-02-16.wav;78724;22050.0
904;03-01-02-01-01-01-16.wav;81667;22050.0
905;03-01-02-01-01-02-16.wav;85345;22050.0
906;03-01-02-01-02-01-16.wav;83874;22050.0
907;03-01-02-01-02-02-16.wav;80931;22050.0
908;03-01-02-02-01-01-16.wav;85345;22050.0
909;03-01-02-02-01-02-16.wav;86817;22050.0
910;03-01-02-02-02-01-16.wav;83875;22050.0
911;03-01-02-02-02-02-16.wav;83874;22050.0
912;03-01-03-01-01-01-16.wav;81667;22050.0
913;03-01-03-01-01-02-16.wav;80931;22050.0
914;03-01-03-01-02-01-16.wav;82403;22050.0
915;03-01-03-01-02-02-16.wav;80931;22050.0
916;03-01-03-02-01-01-16.wav;83139;22050.0
917;03-01-03-02-01-02-16.wav;78724;22050.0
918;03-01-03-02-02-01-16.wav;83138;22050.0
919;03-01-03-02-02-02-16.wav;83875;22050.0
920;03-01-04-01-01-01-16.wav;78724;22050.0
921;03-01-04-01-01-02-16.wav;80195;22050.0
922;03-01-04-01-02-01-16.wav;75046;22050.0
923;03-01-04-01-02-02-16.wav;77253;22050.0
924;03-01-04-02-01-01-16.wav;82403;22050.0
925;03-01-04-02-01-02-16.wav;83875;22050.0
926;03-01-04-02-02-01-16.wav;85346;22050.0
927;03-01-04-02-02-02-16.wav;82403;22050.0
928;03-01-05-01-01-01-16.wav;87553;22050.0
929;03-01-05-01-01-02-16.wav;88289;22050.0
930;03-01-05-01-02-01-16.wav;86081;22050.0
931;03-01-05-01-02-02-16.wav;86081;22050.0
932;03-01-05-02-01-01-16.wav;87553;22050.0
933;03-01-05-02-01-02-16.wav;82403;22050.0
934;03-01-05-02-02-01-16.wav;83874;22050.0
935;03-01-05-02-02-02-16.wav;89761;22050.0
936;03-01-06-01-01-01-16.wav;81667;22050.0
937;03-01-06-01-01-02-16.wav;77253;22050.0
938;03-01-06-01-02-01-16.wav;80195;22050.0
939;03-01-06-01-02-02-16.wav;78724;22050.0
940;03-01-06-02-01-01-16.wav;82403;22050.0
941;03-01-06-02-01-02-16.wav;82403;22050.0
942;03-01-06-02-02-01-16.wav;77988;22050.0
943;03-01-06-02-02-02-16.wav;77253;22050.0
944;03-01-07-01-01-01-16.wav;83139;22050.0
945;03-01-07-01-01-02-16.wav;82403;22050.0
946;03-01-07-01-02-01-16.wav;76517;22050.0
947;03-01-07-01-02-02-16.wav;78724;22050.0
948;03-01-07-02-01-01-16.wav;94174;22050.0
949;03-01-07-02-01-02-16.wav;93439;22050.0
950;03-01-07-02-02-01-16.wav;91231;22050.0
951;03-01-07-02-02-02-16.wav;91232;22050.0
952;03-01-08-01-01-01-16.wav;77989;22050.0
953;03-01-08-01-01-02-16.wav;75781;22050.0
954;03-01-08-01-02-01-16.wav;77253;22050.0
955;03-01-08-01-02-02-16.wav;75781;22050.0
956;03-01-08-02-01-01-16.wav;77989;22050.0
957;03-01-08-02-01-02-16.wav;77988;22050.0
958;03-01-08-02-02-01-16.wav;78725;22050.0
959;03-01-08-02-02-02-16.wav;78724;22050.0
960;03-01-01-01-01-01-17.wav;84610;22050.0
961;03-01-01-01-01-02-17.wav;77253;22050.0
962;03-01-01-01-02-01-17.wav;77253;22050.0
963;03-01-01-01-02-02-17.wav;76517;22050.0
964;03-01-02-01-01-01-17.wav;77253;22050.0
965;03-01-02-01-01-02-17.wav;77989;22050.0
966;03-01-02-01-02-01-17.wav;82403;22050.0
967;03-01-02-01-02-02-17.wav;83139;22050.0
968;03-01-02-02-01-01-17.wav;85346;22050.0
969;03-01-02-02-01-02-17.wav;79460;22050.0
970;03-01-02-02-02-01-17.wav;84610;22050.0
971;03-01-02-02-02-02-17.wav;77989;22050.0
972;03-01-03-01-01-01-17.wav;76517;22050.0
973;03-01-03-01-01-02-17.wav;77989;22050.0
974;03-01-03-01-02-01-17.wav;76517;22050.0
975;03-01-03-01-02-02-17.wav;77988;22050.0
976;03-01-03-02-01-01-17.wav;82403;22050.0
977;03-01-03-02-01-02-17.wav;90496;22050.0
978;03-01-03-02-02-01-17.wav;82403;22050.0
979;03-01-03-02-02-02-17.wav;83874;22050.0
980;03-01-04-01-01-01-17.wav;80931;22050.0
981;03-01-04-01-01-02-17.wav;77253;22050.0
982;03-01-04-01-02-01-17.wav;78724;22050.0
983;03-01-04-01-02-02-17.wav;79460;22050.0
984;03-01-04-02-01-01-17.wav;80931;22050.0
985;03-01-04-02-01-02-17.wav;81667;22050.0
986;03-01-04-02-02-01-17.wav;79460;22050.0
987;03-01-04-02-02-02-17.wav;78724;22050.0
988;03-01-05-01-01-01-17.wav;76517;22050.0
989;03-01-05-01-01-02-17.wav;81667;22050.0
990;03-01-05-01-02-01-17.wav;79460;22050.0
991;03-01-05-01-02-02-17.wav;77989;22050.0
992;03-01-05-02-01-01-17.wav;77253;22050.0
993;03-01-05-02-01-02-17.wav;82403;22050.0
994;03-01-05-02-02-01-17.wav;80196;22050.0
995;03-01-05-02-02-02-17.wav;83875;22050.0
996;03-01-06-01-01-01-17.wav;76517;22050.0
997;03-01-06-01-01-02-17.wav;77253;22050.0
998;03-01-06-01-02-01-17.wav;77989;22050.0
999;03-01-06-01-02-02-17.wav;80195;22050.0
1000;03-01-06-02-01-01-17.wav;81667;22050.0
1001;03-01-06-02-01-02-17.wav;82403;22050.0
1002;03-01-06-02-02-01-17.wav;80931;22050.0
1003;03-01-06-02-02-02-17.wav;84610;22050.0
1004;03-01-07-01-01-01-17.wav;84610;22050.0
1005;03-01-07-01-01-02-17.wav;81667;22050.0
1006;03-01-07-01-02-01-17.wav;78724;22050.0
1007;03-01-07-01-02-02-17.wav;77253;22050.0
1008;03-01-07-02-01-01-17.wav;92703;22050.0
1009;03-01-07-02-01-02-17.wav;91967;22050.0
1010;03-01-07-02-02-01-17.wav;98589;22050.0
1011;03-01-07-02-02-02-17.wav;101532;22050.0
1012;03-01-08-01-01-01-17.wav;75045;22050.0
1013;03-01-08-01-01-02-17.wav;80195;22050.0
1014;03-01-08-01-02-01-17.wav;74310;22050.0
1015;03-01-08-01-02-02-17.wav;75781;22050.0
1016;03-01-08-02-01-01-17.wav;77989;22050.0
1017;03-01-08-02-01-02-17.wav;80931;22050.0
1018;03-01-08-02-02-01-17.wav;75781;22050.0
1019;03-01-08-02-02-02-17.wav;77988;22050.0
1020;03-01-01-01-01-01-18.wav;76517;22050.0
1021;03-01-01-01-01-02-18.wav;77989;22050.0
1022;03-01-01-01-02-01-18.wav;76517;22050.0
1023;03-01-01-01-02-02-18.wav;76517;22050.0
1024;03-01-02-01-01-01-18.wav;76517;22050.0
1025;03-01-02-01-01-02-18.wav;75046;22050.0
1026;03-01-02-01-02-01-18.wav;80196;22050.0
1027;03-01-02-01-02-02-18.wav;77253;22050.0
1028;03-01-02-02-01-01-18.wav;79460;22050.0
1029;03-01-02-02-01-02-18.wav;79460;22050.0
1030;03-01-02-02-02-01-18.wav;79460;22050.0
1031;03-01-02-02-02-02-18.wav;79460;22050.0
1032;03-01-03-01-01-01-18.wav;75045;22050.0
1033;03-01-03-01-01-02-18.wav;74309;22050.0
1034;03-01-03-01-02-01-18.wav;75781;22050.0
1035;03-01-03-01-02-02-18.wav;77253;22050.0
1036;03-01-03-02-01-01-18.wav;83139;22050.0
1037;03-01-03-02-01-02-18.wav;86817;22050.0
1038;03-01-03-02-02-01-18.wav;83139;22050.0
1039;03-01-03-02-02-02-18.wav;84610;22050.0
1040;03-01-04-01-01-01-18.wav;78724;22050.0
1041;03-01-04-01-01-02-18.wav;80195;22050.0
1042;03-01-04-01-02-01-18.wav;77989;22050.0
1043;03-01-04-01-02-02-18.wav;80195;22050.0
1044;03-01-04-02-01-01-18.wav;83874;22050.0
1045;03-01-04-02-01-02-18.wav;84610;22050.0
1046;03-01-04-02-02-01-18.wav;91232;22050.0
1047;03-01-04-02-02-02-18.wav;84610;22050.0
1048;03-01-05-01-01-01-18.wav;86081;22050.0
1049;03-01-05-01-01-02-18.wav;91967;22050.0
1050;03-01-05-01-02-01-18.wav;78724;22050.0
1051;03-01-05-01-02-02-18.wav;80196;22050.0
1052;03-01-05-02-01-01-18.wav;81667;22050.0
1053;03-01-05-02-01-02-18.wav;83139;22050.0
1054;03-01-05-02-02-01-18.wav;84610;22050.0
1055;03-01-05-02-02-02-18.wav;93439;22050.0
1056;03-01-06-01-01-01-18.wav;75781;22050.0
1057;03-01-06-01-01-02-18.wav;75045;22050.0
1058;03-01-06-01-02-01-18.wav;76517;22050.0
1059;03-01-06-01-02-02-18.wav;76517;22050.0
1060;03-01-06-02-01-01-18.wav;82403;22050.0
1061;03-01-06-02-01-02-18.wav;91967;22050.0
1062;03-01-06-02-02-01-18.wav;83875;22050.0
1063;03-01-06-02-02-02-18.wav;83874;22050.0
1064;03-01-07-01-01-01-18.wav;94911;22050.0
1065;03-01-07-01-01-02-18.wav;89761;22050.0
1066;03-01-07-01-02-01-18.wav;80931;22050.0
1067;03-01-07-01-02-02-18.wav;96382;22050.0
1068;03-01-07-02-01-01-18.wav;105210;22050.0
1069;03-01-07-02-01-02-18.wav;98589;22050.0
1070;03-01-07-02-02-01-18.wav;102267;22050.0
1071;03-01-07-02-02-02-18.wav;100796;22050.0
1072;03-01-08-01-01-01-18.wav;74309;22050.0
1073;03-01-08-01-01-02-18.wav;77253;22050.0
1074;03-01-08-01-02-01-18.wav;77253;22050.0
1075;03-01-08-01-02-02-18.wav;77253;22050.0
1076;03-01-08-02-01-01-18.wav;80196;22050.0
1077;03-01-08-02-01-02-18.wav;77989;22050.0
1078;03-01-08-02-02-01-18.wav;85346;22050.0
1079;03-01-08-02-02-02-18.wav;80195;22050.0
1080;03-01-01-01-01-01-19.wav;74310;22050.0
1081;03-01-01-01-01-02-19.wav;71367;22050.0
1082;03-01-01-01-02-01-19.wav;73574;22050.0
1083;03-01-01-01-02-02-19.wav;72838;22050.0
1084;03-01-02-01-01-01-19.wav;80931;22050.0
1085;03-01-02-01-01-02-19.wav;80931;22050.0
1086;03-01-02-01-02-01-19.wav;73574;22050.0
1087;03-01-02-01-02-02-19.wav;76517;22050.0
1088;03-01-02-02-01-01-19.wav;98589;22050.0
1089;03-01-02-02-01-02-19.wav;89025;22050.0
1090;03-01-02-02-02-01-19.wav;101532;22050.0
1091;03-01-02-02-02-02-19.wav;94910;22050.0
1092;03-01-03-01-01-01-19.wav;80195;22050.0
1093;03-01-03-01-01-02-19.wav;81667;22050.0
1094;03-01-03-01-02-01-19.wav;72103;22050.0
1095;03-01-03-01-02-02-19.wav;72839;22050.0
1096;03-01-03-02-01-01-19.wav;83139;22050.0
1097;03-01-03-02-01-02-19.wav;83874;22050.0
1098;03-01-03-02-02-01-19.wav;97117;22050.0
1099;03-01-03-02-02-02-19.wav;88289;22050.0
1100;03-01-04-01-01-01-19.wav;75781;22050.0
1101;03-01-04-01-01-02-19.wav;80931;22050.0
1102;03-01-04-01-02-01-19.wav;69895;22050.0
1103;03-01-04-01-02-02-19.wav;80931;22050.0
1104;03-01-04-02-01-01-19.wav;88289;22050.0
1105;03-01-04-02-01-02-19.wav;81667;22050.0
1106;03-01-04-02-02-01-19.wav;75046;22050.0
1107;03-01-04-02-02-02-19.wav;82403;22050.0
1108;03-01-05-01-01-01-19.wav;83139;22050.0
1109;03-01-05-01-01-02-19.wav;81667;22050.0
1110;03-01-05-01-02-01-19.wav;72839;22050.0
1111;03-01-05-01-02-02-19.wav;78724;22050.0
1112;03-01-05-02-01-01-19.wav;87553;22050.0
1113;03-01-05-02-01-02-19.wav;105946;22050.0
1114;03-01-05-02-02-01-19.wav;95646;22050.0
1115;03-01-05-02-02-02-19.wav;90496;22050.0
1116;03-01-06-01-01-01-19.wav;81667;22050.0
1117;03-01-06-01-01-02-19.wav;77253;22050.0
1118;03-01-06-01-02-01-19.wav;83139;22050.0
1119;03-01-06-01-02-02-19.wav;77989;22050.0
1120;03-01-06-02-01-01-19.wav;84610;22050.0
1121;03-01-06-02-01-02-19.wav;96382;22050.0
1122;03-01-06-02-02-01-19.wav;78724;22050.0
1123;03-01-06-02-02-02-19.wav;89024;22050.0
1124;03-01-07-01-01-01-19.wav;94911;22050.0
1125;03-01-07-01-01-02-19.wav;106682;22050.0
1126;03-01-07-01-02-01-19.wav;91967;22050.0
1127;03-01-07-01-02-02-19.wav;86817;22050.0
1128;03-01-07-02-01-01-19.wav;105947;22050.0
1129;03-01-07-02-01-02-19.wav;116247;22050.0
1130;03-01-07-02-02-01-19.wav;108153;22050.0
1131;03-01-07-02-02-02-19.wav;108889;22050.0
1132;03-01-08-01-01-01-19.wav;82403;22050.0
1133;03-01-08-01-01-02-19.wav;77988;22050.0
1134;03-01-08-01-02-01-19.wav;90496;22050.0
1135;03-01-08-01-02-02-19.wav;67688;22050.0
1136;03-01-08-02-01-01-19.wav;90496;22050.0
1137;03-01-08-02-01-02-19.wav;102268;22050.0
1138;03-01-08-02-02-01-19.wav;71367;22050.0
1139;03-01-08-02-02-02-19.wav;72103;22050.0
1140;03-01-01-01-01-01-20.wav;76517;22050.0
1141;03-01-01-01-01-02-20.wav;78724;22050.0
1142;03-01-01-01-02-01-20.wav;75781;22050.0
1143;03-01-01-01-02-02-20.wav;77989;22050.0
1144;03-01-02-01-01-01-20.wav;80195;22050.0
1145;03-01-02-01-01-02-20.wav;78724;22050.0
1146;03-01-02-01-02-01-20.wav;73574;22050.0
1147;03-01-02-01-02-02-20.wav;77253;22050.0
1148;03-01-02-02-01-01-20.wav;85346;22050.0
1149;03-01-02-02-01-02-20.wav;89761;22050.0
1150;03-01-02-02-02-01-20.wav;80195;22050.0
1151;03-01-02-02-02-02-20.wav;80196;22050.0
1152;03-01-03-01-01-01-20.wav;77989;22050.0
1153;03-01-03-01-01-02-20.wav;81667;22050.0
1154;03-01-03-01-02-01-20.wav;76517;22050.0
1155;03-01-03-01-02-02-20.wav;75045;22050.0
1156;03-01-03-02-01-01-20.wav;80931;22050.0
1157;03-01-03-02-01-02-20.wav;94910;22050.0
1158;03-01-03-02-02-01-20.wav;78725;22050.0
1159;03-01-03-02-02-02-20.wav;81667;22050.0
1160;03-01-04-01-01-01-20.wav;79460;22050.0
1161;03-01-04-01-01-02-20.wav;77253;22050.0
1162;03-01-04-01-02-01-20.wav;76517;22050.0
1163;03-01-04-01-02-02-20.wav;74310;22050.0
1164;03-01-04-02-01-01-20.wav;83139;22050.0
1165;03-01-04-02-01-02-20.wav;93439;22050.0
1166;03-01-04-02-02-01-20.wav;83875;22050.0
1167;03-01-04-02-02-02-20.wav;87553;22050.0
1168;03-01-05-01-01-01-20.wav;71367;22050.0
1169;03-01-05-01-01-02-20.wav;82403;22050.0
1170;03-01-05-01-02-01-20.wav;80931;22050.0
1171;03-01-05-01-02-02-20.wav;83874;22050.0
1172;03-01-05-02-01-01-20.wav;91232;22050.0
1173;03-01-05-02-01-02-20.wav;89760;22050.0
1174;03-01-05-02-02-01-20.wav;97118;22050.0
1175;03-01-05-02-02-02-20.wav;77988;22050.0
1176;03-01-06-01-01-01-20.wav;83875;22050.0
1177;03-01-06-01-01-02-20.wav;96382;22050.0
1178;03-01-06-01-02-01-20.wav;86817;22050.0
1179;03-01-06-01-02-02-20.wav;72838;22050.0
1180;03-01-06-02-01-01-20.wav;93439;22050.0
1181;03-01-06-02-01-02-20.wav;91967;22050.0
1182;03-01-06-02-02-01-20.wav;85346;22050.0
1183;03-01-06-02-02-02-20.wav;86082;22050.0
1184;03-01-07-01-01-01-20.wav;85345;22050.0
1185;03-01-07-01-01-02-20.wav;82403;22050.0
1186;03-01-07-01-02-01-20.wav;80195;22050.0
1187;03-01-07-01-02-02-20.wav;84610;22050.0
1188;03-01-07-02-01-01-20.wav;90496;22050.0
1189;03-01-07-02-01-02-20.wav;90496;22050.0
1190;03-01-07-02-02-01-20.wav;104475;22050.0
1191;03-01-07-02-02-02-20.wav;85345;22050.0
1192;03-01-08-01-01-01-20.wav;71367;22050.0
1193;03-01-08-01-01-02-20.wav;78725;22050.0
1194;03-01-08-01-02-01-20.wav;69160;22050.0
1195;03-01-08-01-02-02-20.wav;70631;22050.0
1196;03-01-08-02-01-01-20.wav;82403;22050.0
1197;03-01-08-02-01-02-20.wav;71367;22050.0
1198;03-01-08-02-02-01-20.wav;77988;22050.0
1199;03-01-08-02-02-02-20.wav;75781;22050.0
1200;03-01-01-01-01-01-21.wav;84610;22050.0
1201;03-01-01-01-01-02-21.wav;87553;22050.0
1202;03-01-01-01-02-01-21.wav;79460;22050.0
1203;03-01-01-01-02-02-21.wav;80931;22050.0
1204;03-01-02-01-01-01-21.wav;89025;22050.0
1205;03-01-02-01-01-02-21.wav;88289;22050.0
1206;03-01-02-01-02-01-21.wav;83875;22050.0
1207;03-01-02-01-02-02-21.wav;89760;22050.0
1208;03-01-02-02-01-01-21.wav;88289;22050.0
1209;03-01-02-02-01-02-21.wav;91967;22050.0
1210;03-01-02-02-02-01-21.wav;91232;22050.0
1211;03-01-02-02-02-02-21.wav;87553;22050.0
1212;03-01-03-01-01-01-21.wav;84610;22050.0
1213;03-01-03-01-01-02-21.wav;83874;22050.0
1214;03-01-03-01-02-01-21.wav;81667;22050.0
1215;03-01-03-01-02-02-21.wav;84610;22050.0
1216;03-01-03-02-01-01-21.wav;83874;22050.0
1217;03-01-03-02-01-02-21.wav;86817;22050.0
1218;03-01-03-02-02-01-21.wav;80931;22050.0
1219;03-01-03-02-02-02-21.wav;83874;22050.0
1220;03-01-04-01-01-01-21.wav;94910;22050.0
1221;03-01-04-01-01-02-21.wav;101532;22050.0
1222;03-01-04-01-02-01-21.wav;89761;22050.0
1223;03-01-04-01-02-02-21.wav;92703;22050.0
1224;03-01-04-02-01-01-21.wav;91967;22050.0
1225;03-01-04-02-01-02-21.wav;94174;22050.0
1226;03-01-04-02-02-01-21.wav;94175;22050.0
1227;03-01-04-02-02-02-21.wav;91232;22050.0
1228;03-01-05-01-01-01-21.wav;91232;22050.0
1229;03-01-05-01-01-02-21.wav;88289;22050.0
1230;03-01-05-01-02-01-21.wav;89760;22050.0
1231;03-01-05-01-02-02-21.wav;86817;22050.0
1232;03-01-05-02-01-01-21.wav;96382;22050.0
1233;03-01-05-02-01-02-21.wav;98589;22050.0
1234;03-01-05-02-02-01-21.wav;90496;22050.0
1235;03-01-05-02-02-02-21.wav;93439;22050.0
1236;03-01-06-01-01-01-21.wav;80931;22050.0
1237;03-01-06-01-01-02-21.wav;83138;22050.0
1238;03-01-06-01-02-01-21.wav;87553;22050.0
1239;03-01-06-01-02-02-21.wav;89760;22050.0
1240;03-01-06-02-01-01-21.wav;87553;22050.0
1241;03-01-06-02-01-02-21.wav;84610;22050.0
1242;03-01-06-02-02-01-21.wav;83139;22050.0
1243;03-01-06-02-02-02-21.wav;80195;22050.0
1244;03-01-07-01-01-01-21.wav;83874;22050.0
1245;03-01-07-01-01-02-21.wav;89761;22050.0
1246;03-01-07-01-02-01-21.wav;80196;22050.0
1247;03-01-07-01-02-02-21.wav;79460;22050.0
1248;03-01-07-02-01-01-21.wav;89760;22050.0
1249;03-01-07-02-01-02-21.wav;89024;22050.0
1250;03-01-07-02-02-01-21.wav;91967;22050.0
1251;03-01-07-02-02-02-21.wav;87553;22050.0
1252;03-01-08-01-01-01-21.wav;77253;22050.0
1253;03-01-08-01-01-02-21.wav;76517;22050.0
1254;03-01-08-01-02-01-21.wav;76517;22050.0
1255;03-01-08-01-02-02-21.wav;78724;22050.0
1256;03-01-08-02-01-01-21.wav;80195;22050.0
1257;03-01-08-02-01-02-21.wav;80196;22050.0
1258;03-01-08-02-02-01-21.wav;76517;22050.0
1259;03-01-08-02-02-02-21.wav;77989;22050.0
1260;03-01-01-01-01-01-22.wav;80196;22050.0
1261;03-01-01-01-01-02-22.wav;75781;22050.0
1262;03-01-01-01-02-01-22.wav;79460;22050.0
1263;03-01-01-01-02-02-22.wav;77988;22050.0
1264;03-01-02-01-01-01-22.wav;77988;22050.0
1265;03-01-02-01-01-02-22.wav;78724;22050.0
1266;03-01-02-01-02-01-22.wav;78724;22050.0
1267;03-01-02-01-02-02-22.wav;77989;22050.0
1268;03-01-02-02-01-01-22.wav;81667;22050.0
1269;03-01-02-02-01-02-22.wav;84610;22050.0
1270;03-01-02-02-02-01-22.wav;80195;22050.0
1271;03-01-02-02-02-02-22.wav;83139;22050.0
1272;03-01-03-01-01-01-22.wav;77989;22050.0
1273;03-01-03-01-01-02-22.wav;75781;22050.0
1274;03-01-03-01-02-01-22.wav;77253;22050.0
1275;03-01-03-01-02-02-22.wav;77253;22050.0
1276;03-01-03-02-01-01-22.wav;82403;22050.0
1277;03-01-03-02-01-02-22.wav;84610;22050.0
1278;03-01-03-02-02-01-22.wav;80931;22050.0
1279;03-01-03-02-02-02-22.wav;86817;22050.0
1280;03-01-04-01-01-01-22.wav;79460;22050.0
1281;03-01-04-01-01-02-22.wav;81667;22050.0
1282;03-01-04-01-02-01-22.wav;80931;22050.0
1283;03-01-04-01-02-02-22.wav;81667;22050.0
1284;03-01-04-02-01-01-22.wav;82403;22050.0
1285;03-01-04-02-01-02-22.wav;80196;22050.0
1286;03-01-04-02-02-01-22.wav;82403;22050.0
1287;03-01-04-02-02-02-22.wav;84610;22050.0
1288;03-01-05-01-01-01-22.wav;81667;22050.0
1289;03-01-05-01-01-02-22.wav;82403;22050.0
1290;03-01-05-01-02-01-22.wav;85345;22050.0
1291;03-01-05-01-02-02-22.wav;89024;22050.0
1292;03-01-05-02-01-01-22.wav;85346;22050.0
1293;03-01-05-02-01-02-22.wav;86081;22050.0
1294;03-01-05-02-02-01-22.wav;93439;22050.0
1295;03-01-05-02-02-02-22.wav;92703;22050.0
1296;03-01-06-01-01-01-22.wav;78725;22050.0
1297;03-01-06-01-01-02-22.wav;79460;22050.0
1298;03-01-06-01-02-01-22.wav;80931;22050.0
1299;03-01-06-01-02-02-22.wav;77989;22050.0
1300;03-01-06-02-01-01-22.wav;78724;22050.0
1301;03-01-06-02-01-02-22.wav;78724;22050.0
1302;03-01-06-02-02-01-22.wav;80931;22050.0
1303;03-01-06-02-02-02-22.wav;79460;22050.0
1304;03-01-07-01-01-01-22.wav;81667;22050.0
1305;03-01-07-01-01-02-22.wav;86081;22050.0
1306;03-01-07-01-02-01-22.wav;83874;22050.0
1307;03-01-07-01-02-02-22.wav;84610;22050.0
1308;03-01-07-02-01-01-22.wav;93439;22050.0
1309;03-01-07-02-01-02-22.wav;91967;22050.0
1310;03-01-07-02-02-01-22.wav;92703;22050.0
1311;03-01-07-02-02-02-22.wav;90496;22050.0
1312;03-01-08-01-01-01-22.wav;77989;22050.0
1313;03-01-08-01-01-02-22.wav;78724;22050.0
1314;03-01-08-01-02-01-22.wav;75781;22050.0
1315;03-01-08-01-02-02-22.wav;79460;22050.0
1316;03-01-08-02-01-01-22.wav;78724;22050.0
1317;03-01-08-02-01-02-22.wav;82403;22050.0
1318;03-01-08-02-02-01-22.wav;81667;22050.0
1319;03-01-08-02-02-02-22.wav;80195;22050.0
1320;03-01-01-01-01-01-23.wav;83874;22050.0
1321;03-01-01-01-01-02-23.wav;82403;22050.0
1322;03-01-01-01-02-01-23.wav;80931;22050.0
1323;03-01-01-01-02-02-23.wav;84610;22050.0
1324;03-01-02-01-01-01-23.wav;87553;22050.0
1325;03-01-02-01-01-02-23.wav;89760;22050.0
1326;03-01-02-01-02-01-23.wav;91967;22050.0
1327;03-01-02-01-02-02-23.wav;88289;22050.0
1328;03-01-02-02-01-01-23.wav;101532;22050.0
1329;03-01-02-02-01-02-23.wav;101532;22050.0
1330;03-01-02-02-02-01-23.wav;90496;22050.0
1331;03-01-02-02-02-02-23.wav;100796;22050.0
1332;03-01-03-01-01-01-23.wav;73574;22050.0
1333;03-01-03-01-01-02-23.wav;72103;22050.0
1334;03-01-03-01-02-01-23.wav;71367;22050.0
1335;03-01-03-01-02-02-23.wav;72103;22050.0
1336;03-01-03-02-01-01-23.wav;71367;22050.0
1337;03-01-03-02-01-02-23.wav;70631;22050.0
1338;03-01-03-02-02-01-23.wav;71367;22050.0
1339;03-01-03-02-02-02-23.wav;71367;22050.0
1340;03-01-04-01-01-01-23.wav;79460;22050.0
1341;03-01-04-01-01-02-23.wav;85346;22050.0
1342;03-01-04-01-02-01-23.wav;78724;22050.0
1343;03-01-04-01-02-02-23.wav;80931;22050.0
1344;03-01-04-02-01-01-23.wav;94175;22050.0
1345;03-01-04-02-01-02-23.wav;96382;22050.0
1346;03-01-04-02-02-01-23.wav;86817;22050.0
1347;03-01-04-02-02-02-23.wav;104475;22050.0
1348;03-01-05-01-01-01-23.wav;72839;22050.0
1349;03-01-05-01-01-02-23.wav;72839;22050.0
1350;03-01-05-01-02-01-23.wav;72103;22050.0
1351;03-01-05-01-02-02-23.wav;73574;22050.0
1352;03-01-05-02-01-01-23.wav;75045;22050.0
1353;03-01-05-02-01-02-23.wav;73574;22050.0
1354;03-01-05-02-02-01-23.wav;71367;22050.0
1355;03-01-05-02-02-02-23.wav;72838;22050.0
1356;03-01-06-01-01-01-23.wav;75781;22050.0
1357;03-01-06-01-01-02-23.wav;71367;22050.0
1358;03-01-06-01-02-01-23.wav;69159;22050.0
1359;03-01-06-01-02-02-23.wav;68424;22050.0
1360;03-01-06-02-01-01-23.wav;78724;22050.0
1361;03-01-06-02-01-02-23.wav;75781;22050.0
1362;03-01-06-02-02-01-23.wav;78725;22050.0
1363;03-01-06-02-02-02-23.wav;77989;22050.0
1364;03-01-07-01-01-01-23.wav;78724;22050.0
1365;03-01-07-01-01-02-23.wav;78724;22050.0
1366;03-01-07-01-02-01-23.wav;76517;22050.0
1367;03-01-07-01-02-02-23.wav;73574;22050.0
1368;03-01-07-02-01-01-23.wav;89760;22050.0
1369;03-01-07-02-01-02-23.wav;85345;22050.0
1370;03-01-07-02-02-01-23.wav;82403;22050.0
1371;03-01-07-02-02-02-23.wav;85345;22050.0
1372;03-01-08-01-01-01-23.wav;72103;22050.0
1373;03-01-08-01-01-02-23.wav;71367;22050.0
1374;03-01-08-01-02-01-23.wav;72838;22050.0
1375;03-01-08-01-02-02-23.wav;72839;22050.0
1376;03-01-08-02-01-01-23.wav;77253;22050.0
1377;03-01-08-02-01-02-23.wav;74309;22050.0
1378;03-01-08-02-02-01-23.wav;73574;22050.0
1379;03-01-08-02-02-02-23.wav;72838;22050.0
1380;03-01-01-01-01-01-24.wav;81667;22050.0
1381;03-01-01-01-01-02-24.wav;80195;22050.0
1382;03-01-01-01-02-01-24.wav;80196;22050.0
1383;03-01-01-01-02-02-24.wav;79460;22050.0
1384;03-01-02-01-01-01-24.wav;78724;22050.0
1385;03-01-02-01-01-02-24.wav;77253;22050.0
1386;03-01-02-01-02-01-24.wav;85346;22050.0
1387;03-01-02-01-02-02-24.wav;81667;22050.0
1388;03-01-02-02-01-01-24.wav;90496;22050.0
1389;03-01-02-02-01-02-24.wav;89760;22050.0
1390;03-01-02-02-02-01-24.wav;89025;22050.0
1391;03-01-02-02-02-02-24.wav;90496;22050.0
1392;03-01-03-01-01-01-24.wav;79460;22050.0
1393;03-01-03-01-01-02-24.wav;86081;22050.0
1394;03-01-03-01-02-01-24.wav;77253;22050.0
1395;03-01-03-01-02-02-24.wav;82403;22050.0
1396;03-01-03-02-01-01-24.wav;88289;22050.0
1397;03-01-03-02-01-02-24.wav;83139;22050.0
1398;03-01-03-02-02-01-24.wav;85346;22050.0
1399;03-01-03-02-02-02-24.wav;85346;22050.0
1400;03-01-04-01-01-01-24.wav;90496;22050.0
1401;03-01-04-01-01-02-24.wav;87553;22050.0
1402;03-01-04-01-02-01-24.wav;77989;22050.0
1403;03-01-04-01-02-02-24.wav;84610;22050.0
1404;03-01-04-02-01-01-24.wav;97117;22050.0
1405;03-01-04-02-01-02-24.wav;100797;22050.0
1406;03-01-04-02-02-01-24.wav;92703;22050.0
1407;03-01-04-02-02-02-24.wav;103003;22050.0
1408;03-01-05-01-01-01-24.wav;90496;22050.0
1409;03-01-05-01-01-02-24.wav;82403;22050.0
1410;03-01-05-01-02-01-24.wav;80931;22050.0
1411;03-01-05-01-02-02-24.wav;92703;22050.0
1412;03-01-05-02-01-01-24.wav;96382;22050.0
1413;03-01-05-02-01-02-24.wav;96382;22050.0
1414;03-01-05-02-02-01-24.wav;91967;22050.0
1415;03-01-05-02-02-02-24.wav;112568;22050.0
1416;03-01-06-01-01-01-24.wav;90496;22050.0
1417;03-01-06-01-01-02-24.wav;89760;22050.0
1418;03-01-06-01-02-01-24.wav;86817;22050.0
1419;03-01-06-01-02-02-24.wav;88289;22050.0
1420;03-01-06-02-01-01-24.wav;84610;22050.0
1421;03-01-06-02-01-02-24.wav;89760;22050.0
1422;03-01-06-02-02-01-24.wav;79460;22050.0
1423;03-01-06-02-02-02-24.wav;84610;22050.0
1424;03-01-07-01-01-01-24.wav;94910;22050.0
1425;03-01-07-01-01-02-24.wav;90496;22050.0
1426;03-01-07-01-02-01-24.wav;88289;22050.0
1427;03-01-07-01-02-02-24.wav;89760;22050.0
1428;03-01-07-02-01-01-24.wav;95646;22050.0
1429;03-01-07-02-01-02-24.wav;102267;22050.0
1430;03-01-07-02-02-01-24.wav;93439;22050.0
1431;03-01-07-02-02-02-24.wav;97853;22050.0
1432;03-01-08-01-01-01-24.wav;72839;22050.0
1433;03-01-08-01-01-02-24.wav;76517;22050.0
1434;03-01-08-01-02-01-24.wav;74310;22050.0
1435;03-01-08-01-02-02-24.wav;75045;22050.0
1436;03-01-08-02-01-01-24.wav;86817;22050.0
1437;03-01-08-02-01-02-24.wav;87553;22050.0
1438;03-01-08-02-02-01-24.wav;80931;22050.0
1439;03-01-08-02-02-02-24.wav;80195;22050.0
